,A,B,C,D
2000-01-01,0.4084709494508088,0.8249565284372276,0.2758311098362021,1.4610262913753593
2000-01-02,-0.3502945030919024,1.9939607588473605,1.0327225971430385,2.887477918622915
2000-01-03,1.9847013597234577,3.2482501698587662,3.02949773905159,1.9816714724926467
2000-01-04,0.8580505075315819,2.8631043525547524,3.0474531388916,3.237358573421986
2000-01-05,1.3701983165390168,2.4480365373655513,3.034228107326813,4.321158836871968
2000-01-06,1.4005020006580786,3.084363266328547,3.900825121944677,2.798159905211211
2000-01-07,2.01173718317112,2.972564099789727,5.062766969575444,0.8015301171697609
2000-01-08,1.603516317386153,3.569393734071583,4.418403852628881,0.26408933766919374
2000-01-09,2.6032383864857866,3.114698695868511,4.599917060865701,-0.3655418301615324
2000-01-10,2.7626373650089793,4.076357468499778,4.893459768685951,-0.16345402499278247
2000-01-11,2.4389981662061198,3.9963437020661288,7.641711104971508,-1.5231513478961431
2000-01-12,3.759670119910714,3.871895385545017,7.66024168209208,-2.4371938887697087
2000-01-13,3.5670946135156156,4.495836121572781,8.460554284611558,-2.108522639748119
2000-01-14,3.107651329486558,4.654813468422211,6.462652065932432,-2.055926268150217
2000-01-15,3.5469246897943125,4.805787160248956,6.851970720697654,-1.2633392955591338
2000-01-16,2.8577775267228986,6.783747671750968,6.176510944371035,-1.4246293303934148
2000-01-17,2.499614854305675,8.185031703916678,5.952313713119333,-1.717756103088952
2000-01-18,0.9878494475154844,8.74859489316093,5.288071427097488,-1.1457104910366538
2000-01-19,1.3205226124015614,9.162027666566882,4.569828502012922,-1.1723119984882437
2000-01-20,1.7566051365669253,9.605558324013765,6.298661702548069,-0.8595959567543596
2000-01-21,1.0647477024128276,8.723545804535101,7.907983189434663,-1.8817092366985342
2000-01-22,-0.36346632734939077,7.013442951971252,8.649026416340568,-3.5581261983984653
2000-01-23,-0.8159809253889854,7.348685798274769,7.610212558336883,-5.214635255344243
2000-01-24,-0.5973604805031465,6.44710306007649,6.335705195830875,-4.844577444700847
2000-01-25,-1.0303619323977473,5.319349774776865,7.844531046335432,-7.558105096762603
2000-01-26,-2.5325606332582375,5.664342365663165,7.693371485835128,-9.12103747561235
2000-01-27,-2.726699536368355,4.044502256548901,8.536203642306745,-9.478867881633162
2000-01-28,-3.9100325250020456,5.224908193901403,9.229861119279006,-9.125303581815
2000-01-29,-1.545724710464067,5.709704600580883,9.454624568239863,-8.258631824088052
2000-01-30,-2.8872172791796844,5.021457037259989,9.960256480819215,-9.025926808612075
2000-01-31,-0.803626067622575,5.4821921947353385,9.473918684316848,-10.23861410255926
2000-02-01,-1.404136978941143,5.1312519853421374,8.192275335311733,-10.168016425076686
2000-02-02,-3.4228524815735555,4.45174559705613,7.875802141552648,-12.209635512312968
2000-02-03,-2.9601793907777125,2.9957155854593127,7.101824717739427,-13.374268602720967
2000-02-04,-4.067268799857711,3.2625756973814957,7.038639101652813,-13.330986016708929
2000-02-05,-4.9863699867235605,3.2790290612438433,7.1920691463887945,-14.368377031894443
2000-02-06,-4.710138612089423,3.6258902576064744,4.893503467845562,-13.214812749014198
2000-02-07,-5.31244784290052,2.754632845707057,4.951002895063866,-13.76121295719152
2000-02-08,-5.357473281286768,2.454733328515402,4.366582758495938,-13.7372345330156
2000-02-09,-6.097623615301167,1.3365257553017786,6.867807075142027,-12.290709154958229
2000-02-10,-6.053117599415381,0.653447669461599,7.045802394992573,-11.870541915706488
2000-02-11,-6.162246833809252,0.4792380601696392,6.978017477996737,-12.721220042312968
2000-02-12,-8.42933735753826,1.172024147989426,5.253333459666808,-12.669265390562092
2000-02-13,-8.05331916896348,1.6055773522133285,5.516454051553126,-12.326501127307644
2000-02-14,-7.433805809764164,0.6411482238909996,3.6123205036193107,-11.55268724070605
2000-02-15,-8.66888660920134,0.18059398571540597,4.711897604978765,-10.763954095275261
2000-02-16,-4.96427424433763,0.06620867421274768,4.967654066627711,-8.98946916115592
2000-02-17,-4.817810096072115,0.1293088691170286,3.967304112251406,-9.070757460177452
2000-02-18,-6.373383065243652,-0.7138457945310708,4.87672773289282,-8.93272119009664
2000-02-19,-4.879435474871257,-2.132086042749994,4.834892123510746,-10.579971587261564
2000-02-20,-4.050282817180922,-3.147016045531994,5.264284773210766,-10.549221052613602
2000-02-21,-2.606630749966843,-2.2406195854425284,4.135973095201589,-9.629888797853575
2000-02-22,-2.1885819040328984,-2.9340954700539372,4.044510303522698,-9.246341770363854
2000-02-23,-1.9355064156687167,-4.983109426182643,4.025149243785873,-9.132918364513674
2000-02-24,-2.6197462754265484,-6.700076265416812,4.014313007648446,-8.696759887803196
2000-02-25,-1.4476791465087429,-8.077365907784369,3.6240815306774867,-8.908365786101962
2000-02-26,-1.8223205893552197,-7.682138720585524,2.1514973551813723,-9.837809636023355
2000-02-27,-1.2024817058932875,-7.231173097847058,2.9962298157188334,-8.916861352339085
2000-02-28,-0.7480943322760449,-7.795462087140811,3.537298026738502,-9.15335692043081
2000-02-29,-1.6994244618278773,-8.275787383186081,3.955082373801152,-6.770995063305925
2000-03-01,2.174874223722535,-7.245340715162392,4.757045878742573,-7.447631297310045
2000-03-02,0.794030626023092,-6.678731575927362,3.1364575247532462,-6.073280191659259
2000-03-03,1.9092058439075128,-5.915727602611667,2.362344361661255,-6.712887889901981
2000-03-04,0.5809975903206823,-7.599142213863998,3.4659351396918723,-7.440971173720204
2000-03-05,1.300313041317772,-6.684773644520767,3.6240056094653745,-7.91963924943108
2000-03-06,0.8236065076985212,-6.3407013458147645,3.4105200133086164,-6.075156700143528
2000-03-07,0.10586637704987123,-7.644592981593209,2.697374399603667,-6.16567540269846
2000-03-08,-0.02202987017049171,-6.706401900052913,3.961688783298899,-6.5852877625198465
2000-03-09,0.9016873639849511,-6.370384153807809,3.729725970821428,-6.292325544119793
2000-03-10,3.0660462089910925,-6.676493079299903,4.165921187579272,-5.666994800278962
2000-03-11,3.0135540222285178,-8.514523187105373,4.975006830526037,-5.950715365946524
2000-03-12,4.128541103143403,-9.24273869272194,5.235557606932944,-5.228820110611013
2000-03-13,4.5778164923683855,-9.53735053768643,5.062017580244406,-3.686363312624115
2000-03-14,3.3305294259100595,-10.243443142549314,5.976667932046593,-4.2235005530627445
2000-03-15,2.428162232850842,-10.739335170716839,5.290746853162769,-3.808878540018658
2000-03-16,2.406003120043847,-10.13655827211162,4.9101021800261435,-2.9191793511910578
2000-03-17,1.9626815667484845,-11.179947549819259,6.321322718595752,-2.6507365553818483
2000-03-18,2.1939866244483257,-12.36419142388572,7.378560123380863,-3.5158578711844948
2000-03-19,1.4701451293880579,-13.253084697483976,8.74300713998396,-4.412362606821398
2000-03-20,1.2369220598548,-13.910175366057976,6.761459711553052,-4.980576144829492
2000-03-21,-0.715304692768501,-16.887696772076836,6.095019636518444,-5.841732995400067
2000-03-22,-1.8271276625956703,-17.078886464341927,4.302520949290544,-5.7623492183988
2000-03-23,-2.8354052229155124,-18.030022565984382,4.156518816864724,-6.2906444465617986
2000-03-24,-2.907442288170464,-18.960379164803037,6.599995702211393,-7.172379399532778
2000-03-25,-3.5502952250326794,-17.030793659212957,6.684191093640388,-7.487066949400954
2000-03-26,-3.2750945196441865,-16.033865544946895,5.955419364622376,-7.7093237578473035
2000-03-27,-2.7215298813382938,-15.967008159829586,7.559743321566953,-6.684651001892009
2000-03-28,-0.8579095476902892,-14.849763348098554,7.605473317333303,-6.881041768833345
2000-03-29,0.4585243706601494,-13.309039083375925,8.273284405486203,-4.310605579888737
2000-03-30,-0.1432356866721406,-13.475670101658192,7.231930502030169,-3.940814132450269
2000-03-31,-1.2591076689057918,-13.91595461065365,5.9971749909154735,-3.66599220197881
2000-04-01,-1.7006150255949177,-14.575381936948071,5.751542945576211,-4.013743677080848
2000-04-02,-1.2819453140942378,-14.089728601606923,5.042638367034157,-1.8098858265905178
2000-04-03,-0.5138764752674103,-13.917988132408137,3.9609779934968317,-0.7936957827989615
2000-04-04,-0.7837215146126336,-13.723391407264263,4.83474402954505,0.4843964357583601
2000-04-05,-1.063052482678392,-13.765720628964528,5.890032070415563,-1.5231324470220058
2000-04-06,-0.9390455275125977,-12.52710208099293,5.605481042992393,-2.55393973524846
2000-04-07,-0.17850346873704892,-12.355555953707448,6.609090744374082,-0.9213982284844502
2000-04-08,1.2555250617945166,-12.95092138922251,6.6377076852312555,0.9065017721690827
2000-04-09,1.3396771652254842,-14.248228474393123,6.568814449767217,-0.5232407682031157
2000-04-10,0.9537178008989543,-12.191140680994732,8.114052314667447,-1.9406013498179648
2000-04-11,2.60339138567931,-12.671562817045686,8.407035980303172,-3.6232771383616695
2000-04-12,4.8282785727898645,-13.250641551236654,9.729350133828765,-4.786045286294236
2000-04-13,6.8028813997540345,-13.625289691411247,10.259873213359134,-5.1886262506405405
2000-04-14,6.612258699503122,-13.938095797143898,9.637310695303672,-6.023260882453703
2000-04-15,6.758398605477315,-13.647022320219296,8.155287488430037,-6.740618068882509
2000-04-16,5.67329498652188,-15.016254022318597,6.930737303819511,-6.912968895721453
2000-04-17,5.892899776604216,-16.899309926466458,6.912326317995406,-6.37102601449512
2000-04-18,5.5139802778680815,-17.542898694442336,6.090664786890518,-6.799266303733101
2000-04-19,6.6424637169534195,-18.35858460341721,6.037975801929851,-6.586778046505872
2000-04-20,6.462938822359264,-17.875398296267566,6.105244619480847,-4.691334321438392
2000-04-21,6.91562823838728,-18.772624022998496,6.430673028973406,-3.2882841045628792
2000-04-22,6.063452204305524,-19.225173904452287,6.507251864666297,-3.8202671490825404
2000-04-23,5.203813537884128,-17.897423610396114,7.5708085712791915,-2.68104362448098
2000-04-24,5.328169036161623,-17.337408328777094,7.249179036003713,-3.060388149275042
2000-04-25,5.58505795664579,-17.00728253815468,6.873698060020457,-2.4320371332556716
2000-04-26,6.315406857892595,-16.828778855480017,5.437550767995523,-3.036178515051089
2000-04-27,7.076616126446537,-15.283929927547796,6.546450158195734,-3.197019375287993
2000-04-28,7.231226149249859,-14.816215489668645,6.341593991898187,-1.545029996114901
2000-04-29,8.90198070456138,-16.452043038437733,8.697975246501635,-1.4266905111792543
2000-04-30,9.313589893258328,-15.967219407333918,8.374087819895736,-1.0101904514672186
2000-05-01,8.606986058605987,-17.120129887420134,8.837822722836576,0.018626028199635103
2000-05-02,8.846050366203096,-17.034514152534104,8.91236684776652,-0.6964169633192
2000-05-03,8.295121235668931,-15.313398505382962,8.486949460026427,-1.6002965546593733
2000-05-04,7.642987183305375,-15.822972574811182,9.866105850544512,-1.698909312036429
2000-05-05,6.208477343754038,-15.19505768031702,10.790608468862821,-0.399598702920261
2000-05-06,3.8634778416469624,-13.598079463243586,12.428752207331245,-1.075431065321012
2000-05-07,3.9374664111162647,-14.31751987006387,13.160832189493588,0.023267805673862885
2000-05-08,2.8802662946837403,-16.325464472895394,12.529738988041752,0.043253797782193674
2000-05-09,0.4518622950236644,-16.53459577912676,13.907087372733391,1.495372592151516
2000-05-10,-0.6031546144362547,-15.341183829998094,14.177612660625892,1.676195040972405
2000-05-11,-1.999442681082091,-15.047924540697599,14.69273714436675,1.6439020092670116
2000-05-12,-2.7251071707467136,-14.805680493680546,17.65855893481532,0.6814287297259202
2000-05-13,-2.800551574418681,-14.111388031499576,19.86607398729931,-0.00715489348732512
2000-05-14,-3.7050247374939467,-16.410959450759254,20.086590851536158,-0.07082959229085314
2000-05-15,-4.762362134891225,-17.088107350769732,18.466933005836157,-0.859796417705323
2000-05-16,-3.975881823799944,-16.781804429205646,19.325779598851156,-0.901770030468589
2000-05-17,-2.7862186864632674,-17.916910247006182,20.002236298346805,-0.8193974235310812
2000-05-18,-2.302135383225296,-16.89336005165491,22.46132282941515,-0.6116353296830548
2000-05-19,-2.4686240072573065,-17.12666153106718,22.47721055241588,-0.37456154486196314
2000-05-20,-2.8981854373824762,-18.64631869600069,22.568125082995966,-0.8206638231468386
2000-05-21,-2.8184677213797746,-17.681038639393993,20.430171038934304,-0.43585648137747074
2000-05-22,-2.773618285785237,-17.607241051777983,20.60689733699052,-0.014121801807347845
2000-05-23,-2.5550802920456914,-16.929830471267934,21.57017271567281,-0.7945529823879156
2000-05-24,-2.250881107014574,-18.249801482340196,23.67129551990274,-3.1099263003858013
2000-05-25,-1.6470656938273494,-18.74351102433099,24.3473956524824,-2.3381005761583453
2000-05-26,-2.2724890856078845,-17.656196091755586,23.574189886331652,-1.3912717807328754
2000-05-27,-3.132252615433629,-17.20253193257443,22.369768478613942,-0.7960875523237061
2000-05-28,-2.7829418752493247,-16.742364041501176,22.408470627863636,-0.2990235989813355
2000-05-29,-3.2739431336960343,-16.18550250677913,23.704991661525746,0.5258291300127991
2000-05-30,-2.0820860738166083,-16.498313349057685,23.070612326652572,1.4871920407070498
2000-05-31,-2.29855493643892,-13.451080615606811,23.520559981989685,2.7652602083587245
2000-06-01,-2.6120888632380797,-12.882841251868118,24.098045894218103,3.906828072079287
2000-06-02,-3.3590692159305933,-13.902401369558804,25.63736628831682,5.661038620818916
2000-06-03,-3.7778850312584167,-11.866780057548523,26.86394391454061,5.679891589530716
2000-06-04,-4.134134479224265,-12.212159969810662,27.645120989313483,6.40070979427714
2000-06-05,-3.7303066931118964,-12.997800201471225,29.68905446320123,6.875268851387577
2000-06-06,-3.5257779447232664,-12.060865544459226,29.696481893117745,7.287506728492086
2000-06-07,-3.769708492759022,-10.491491537328509,28.821412778574135,6.388887990191995
2000-06-08,-1.6505257900182575,-11.849074226545504,29.979500219810674,6.582962196975153
2000-06-09,-2.3607433736779013,-11.920769164582445,29.796718659226528,7.302967665872015
2000-06-10,-2.3254163027284824,-14.672422514386614,29.995284367278533,7.4029464592700425
2000-06-11,-2.5613808146490493,-16.466546841960945,31.01036586569578,8.523486290959061
2000-06-12,-1.2351731272700825,-17.963547535903874,30.554507126420024,8.248757106272818
2000-06-13,-1.7503144761728353,-18.89070506126726,30.884261274365937,7.687096717475801
2000-06-14,-1.7740206611297245,-19.975508888061537,30.634817187881843,7.583181967254381
2000-06-15,-2.4862893937122688,-19.50196708577448,30.10758401016098,8.064348397954113
2000-06-16,-1.0754090183318643,-19.964731161204913,28.179513412929232,7.362983487066449
2000-06-17,1.5459981931229316,-20.082237379488344,29.088006090153552,7.5340050159992575
2000-06-18,0.8966214616263785,-21.277099432632657,29.573699243466393,7.58018053338738
2000-06-19,1.7209892596500065,-20.330800282394414,28.565404392563632,9.019480168050908
2000-06-20,3.0865360291958748,-21.196843574013684,25.984718473464508,8.654382964629589
2000-06-21,3.0351643071341554,-20.04449659333312,25.451119876495895,8.140143937753646
2000-06-22,2.7490353847906164,-18.69379743197082,25.630838199131425,8.594394691580423
2000-06-23,2.492828482937927,-17.572777358211354,24.484467055655944,9.09645561953038
2000-06-24,2.6910844411877526,-18.7808316739328,25.973178108979727,8.960288785038852
2000-06-25,2.2378860276646813,-19.73466385895848,25.521886230259184,9.65951007976503
2000-06-26,2.6427697833146975,-18.2333284500277,27.024732373316873,9.351919140678742
2000-06-27,1.96509228993113,-18.060175367790144,28.622489150263586,9.274142158261597
2000-06-28,1.423804072276956,-18.31579623677115,27.11516477631709,10.431142549903495
2000-06-29,2.294293199150738,-16.339087933337197,26.076634810228207,13.14766333442769
2000-06-30,2.945331096643112,-18.06051383582079,26.69155186128588,13.356983642051471
2000-07-01,3.982363738301895,-18.192254523328547,27.080861219416303,15.404671957881035
2000-07-02,5.674009177129587,-18.9931846309046,27.28227964869465,15.38336725645163
2000-07-03,4.897714954234928,-19.195533805236263,25.37251241214491,15.106056881990453
2000-07-04,3.832497765529867,-21.557258803843425,26.418030785361733,13.680323783120945
2000-07-05,5.173653306042531,-21.32291323288004,27.637324622502373,13.88576545446194
2000-07-06,6.27151918735126,-19.767415036762845,27.043336874904956,13.33675973937037
2000-07-07,5.4735859565799965,-18.833017738297414,27.15474891600543,14.67163599697122
2000-07-08,5.249808102059351,-19.926761400414975,26.92360984253291,14.98927810656004
2000-07-09,4.727253775965252,-19.229703502821337,25.464676489538732,15.112799729205399
2000-07-10,4.842571645506252,-19.601674914575614,25.802576283618613,14.984286052853394
2000-07-11,4.340656577608113,-18.440208010797225,26.568643067997982,13.175745861460044
2000-07-12,3.6446744660012875,-17.562921123919125,26.127512617350277,13.391533678574463
2000-07-13,2.972014935575045,-18.22036174769897,24.064824739329307,13.475023688499995
2000-07-14,2.531045641488502,-17.42326596817497,24.894268805926384,13.041335359961748
2000-07-15,2.3965989523631395,-16.795982901083175,25.147620668910257,13.665307411990199
2000-07-16,3.7040906260538433,-18.818485446164757,24.22436713612681,13.69476720402265
2000-07-17,5.505440527266273,-20.621332838115805,25.502060550158692,12.431288966483288
2000-07-18,4.655751854098553,-22.447706446798897,24.596435073267028,12.442628037528536
2000-07-19,3.7614430053838595,-21.499840330256262,24.360542001483662,12.784496496987682
2000-07-20,4.585264493167418,-19.422051988810097,26.082120574822664,13.78569924555555
2000-07-21,4.415392379478964,-18.44513836012141,24.91664929950143,15.28210333598513
2000-07-22,5.946212909696544,-17.957973948446547,24.198882102404852,15.796523726272648
2000-07-23,4.9625820535581,-18.851342707584333,25.979681814646177,17.504925882698448
2000-07-24,5.193268296659432,-19.090286959358117,26.06069035153286,18.841426140153164
2000-07-25,4.344218850206297,-18.682917586600702,25.292798416181896,19.86751001914388
2000-07-26,3.2857193221167247,-19.831546401162647,25.572544157256928,18.79836150149927
2000-07-27,4.997103470078411,-20.073094409204447,23.998950003460475,18.024607004241442
2000-07-28,5.0163510903293975,-20.929817411967047,24.107618982793603,19.310126291717516
2000-07-29,4.785055836268424,-19.259664038101594,25.251198917748475,18.405553813488584
2000-07-30,3.620621137891425,-18.6718552047553,26.480945586620376,19.299927760977507
2000-07-31,4.679165860900354,-20.06794352514908,27.344194531310343,20.420126059325973
2000-08-01,5.477601185008,-19.993192686265044,26.775144032411237,20.56420848487494
2000-08-02,5.214633221618318,-19.445631145675964,28.047762611032713,21.51885506236777
2000-08-03,3.1679799116144376,-19.93423061501963,27.948143508414013,22.057018229886285
2000-08-04,5.108707966665577,-21.711309599062414,27.838380019014117,22.083499788339477
2000-08-05,4.293486576570713,-22.779720181978064,26.80717181944823,23.632566488287488
2000-08-06,4.1318740791749855,-22.844259986768787,27.31431530708153,23.124295598173468
2000-08-07,5.725821651052074,-22.634519579287293,27.394161846194873,23.89218533604661
2000-08-08,4.610074273482084,-21.49818161963715,30.38425590645753,22.128751587790312
2000-08-09,5.440579609533952,-19.95685483882012,29.654407040044067,21.175248186427034
2000-08-10,4.492973172475081,-20.72599510655686,32.02014780286695,20.792174590923903
2000-08-11,4.844104042490825,-21.919183921416955,31.7118523162212,22.336998522071674
2000-08-12,4.25524996526824,-21.212421074836076,31.779649180759574,22.649075633935517
2000-08-13,2.950212785539853,-20.666153159110877,31.02950307270585,22.09373222844204
2000-08-14,3.1272634167488267,-19.529056101296412,30.97651008286157,22.780910537023537
2000-08-15,1.8289127486286945,-18.60400110612295,30.371908083524715,23.402836673485
2000-08-16,-1.0343474542524862,-20.49946900099347,29.406662578303347,23.273583380622785
2000-08-17,-2.247698958610788,-20.21610563534868,28.213785219380703,21.75350199353784
2000-08-18,-2.226219430468514,-19.0096530618652,26.422552777753822,22.26084054825479
2000-08-19,-1.4925589811913573,-18.545083906315508,26.15341859794032,22.42255995053321
2000-08-20,-3.3967051029440594,-18.941689031428353,25.794715622146686,22.543046751638165
2000-08-21,-4.081282467988821,-20.328608644545945,25.33219635761209,22.757098728868527
2000-08-22,-3.7216229678146626,-19.994825776544097,25.931166396717472,22.730461823385394
2000-08-23,-2.231915732034964,-20.362386053610695,25.551799005423476,21.75941419441995
2000-08-24,-3.1838587635680247,-20.207531797710583,25.6880411355225,20.441568949734823
2000-08-25,-3.2098825318129927,-20.26919764814017,25.736279914445152,20.046777873562874
2000-08-26,-4.135933588442789,-20.306246495705253,26.271015774054547,20.114192772982058
2000-08-27,-2.7594393301409372,-21.169005625177107,28.08721439800373,19.004521774390547
2000-08-28,-2.870161073303234,-19.81981264962348,28.955025280954164,18.396266460585622
2000-08-29,-4.225268817498335,-18.827312137767432,28.164092685576314,19.527654224657315
2000-08-30,-1.785188312372124,-19.160085919875225,28.424738445368664,19.161339511385542
2000-08-31,-1.8338216411967243,-19.604511998466897,28.688304067480544,19.551832138040847
2000-09-01,-3.328333565819462,-18.741238776216658,28.358118969405176,20.394394650658363
2000-09-02,-3.320757944783521,-18.880098533765707,27.08564921173194,19.89059697419514
2000-09-03,-2.041737990890226,-17.175339519014603,27.233452985479477,19.520484692723922
2000-09-04,-3.0957965042939573,-16.141613842543165,27.097953244678962,21.25148916647079
2000-09-05,-1.2369089458560711,-16.64199616162987,27.528763104864066,21.750154489424432
2000-09-06,-1.9986390341518216,-17.133211236297456,27.130723339493162,20.533384248193883
2000-09-07,-1.3353915044280802,-17.876699795841052,27.084219184204496,19.77515379738717
2000-09-08,-2.596045713743065,-17.68153256555145,28.818905725782393,20.770508187116064
2000-09-09,-1.912783411761197,-18.499031459400452,28.041904387065653,21.25863995603102
2000-09-10,-1.4441511271522351,-18.301904504211524,28.419780735366793,19.550468635585897
2000-09-11,-2.707458355461209,-19.318238325170185,28.840715276774382,19.016717731160202
2000-09-12,-3.7466572023707965,-18.183153493474173,29.98676423762244,18.977266574726535
2000-09-13,-2.650966933673872,-17.764815950327453,29.692814477192318,19.920466139383638
2000-09-14,-3.819342310749363,-16.89460554489966,28.6384652723462,17.40302296114789
2000-09-15,-2.8145548118209884,-16.86960175617616,27.820514984156468,16.243537115735588
2000-09-16,-1.7712729663684028,-17.622682387034466,27.710788404125037,15.465664701990033
2000-09-17,-2.3789943533854556,-16.664276749758535,28.062604025600873,15.542772168853682
2000-09-18,-2.268015209028874,-18.54904055111538,26.548443643025575,16.62389101200374
2000-09-19,-1.030623443937906,-20.488499855557336,25.948466256191814,15.986926632098418
2000-09-20,-1.4114924942355382,-18.969868984216085,26.92135368720585,15.354665340813765
2000-09-21,-0.6678509052036841,-18.501541161073217,26.278657182768573,14.957250423897037
2000-09-22,-0.5203803455648951,-19.326895340491287,26.815883748092347,14.744904942773267
2000-09-23,0.5645864409824782,-17.153452938151922,27.39816473262936,14.436232198423202
2000-09-24,0.8192578172300187,-18.081924356296042,28.02354196194918,13.35679240428243
2000-09-25,0.14490685382889112,-19.219590289999054,27.96561680846606,13.955508844275545
2000-09-26,1.4377615725500674,-19.342157730706624,27.857306013825408,15.060933133433107
2000-09-27,0.7757228954123749,-18.47687415918049,27.63130391450246,15.713155040736982
2000-09-28,0.260875462184079,-19.469755299735123,28.567939726644312,16.327227007445025
2000-09-29,1.2706965029096893,-18.564549752226547,29.375974328715134,17.53544672494959
2000-09-30,1.7935420045105679,-16.613467612071755,28.225311203106646,17.980519166027282
2000-10-01,3.065510146587216,-16.691364206525638,28.287110406978954,18.4316764187604
2000-10-02,1.5768189922798315,-16.0278778272715,29.187903778530266,18.447905372968243
2000-10-03,2.7196826183669573,-14.322250184561149,28.233776207031337,18.774775432957764
2000-10-04,2.0153869711986174,-14.17584835373895,28.65750863392997,18.948914402716103
2000-10-05,2.0307352434207684,-14.18381430484775,27.439189698445603,19.193824944687098
2000-10-06,1.0804137197657069,-14.12078236780427,26.117593864524093,17.980974593737805
2000-10-07,-1.585983721682582,-12.981086284059542,24.86345335733521,17.400869753111262
2000-10-08,-2.2428033840389654,-12.002309637147617,25.987628431000246,18.59113757670455
2000-10-09,-2.207721904696086,-12.084095981320663,26.442475290801323,18.565713022219683
2000-10-10,-2.3820984547870347,-12.176810366077007,26.811114775841357,19.186788776334424
2000-10-11,-3.834045561639014,-12.203273463906209,27.14683184218007,17.795249908188378
2000-10-12,-6.161587613220471,-13.820034340697758,26.305739740372236,17.815742847109743
2000-10-13,-6.233542547796579,-13.631046294622445,26.554433904633804,16.713851486876333
2000-10-14,-8.858922461127301,-14.135824110984975,25.883688076096885,16.914061552584588
2000-10-15,-7.993640734393642,-14.762144508877787,26.06880017200381,18.61706051103548
2000-10-16,-9.858284757335376,-13.629432894169806,24.813606681283197,18.712389307702832
2000-10-17,-8.590321856664405,-12.318082518774993,24.62813668623971,19.581276898627184
2000-10-18,-9.382079096912474,-12.216021369221027,26.03684467502504,19.754909694428903
2000-10-19,-7.686372914589335,-12.643682776369515,26.283620627380145,19.084859670164025
2000-10-20,-7.506873606770928,-12.185615586033494,25.830462928050864,18.86756010914366
2000-10-21,-8.712413893301616,-12.310013572337994,26.535707548406297,16.842555334868976
2000-10-22,-7.852327033558478,-11.420349319320037,27.338483714520176,15.766483674863515
2000-10-23,-7.649214487319796,-11.754252412571656,26.884047479465167,14.829253557456669
2000-10-24,-7.360390812087515,-11.936538901081772,27.65707062665042,15.616343625728895
2000-10-25,-7.137585528129662,-11.765947366252473,28.502694069339913,16.72595700442706
2000-10-26,-5.9741447619572625,-12.859704123162771,28.345137893965067,18.59996612085087
2000-10-27,-6.254825256038249,-12.515973216721457,27.68061461748345,20.349824428337445
2000-10-28,-5.9707494380638835,-10.691698568130711,26.83951573652796,18.151595946537505
2000-10-29,-4.657360901894689,-10.92710915369906,27.2910858752343,17.794420202786597
2000-10-30,-3.8977823792741835,-12.752181790662357,27.721384337263878,18.873817973497445
2000-10-31,-3.1014983280094155,-13.145618022343932,27.11422547394786,18.518444713020337
2000-11-01,-3.445004293930454,-13.031159453543667,27.72538780624029,18.197028212905586
2000-11-02,-2.9125555917897827,-11.088164602743438,27.78553046163099,16.356038848078047
2000-11-03,-3.0565265917523368,-11.51909391051531,26.6163322402795,16.40204072380885
2000-11-04,-3.5060541651987798,-11.367445242425303,26.334005953471973,15.523936732979344
2000-11-05,-3.442491919483069,-11.941398157679474,27.194511529228404,14.75516963601583
2000-11-06,-2.9942229210329074,-11.720528995406159,28.82021492741649,15.47398178349931
2000-11-07,-2.532478061125001,-12.371391833583509,27.964595014488225,17.00596901788695
2000-11-08,-0.9620516930534833,-11.770729645924336,28.344656748816412,16.455784256824057
2000-11-09,-1.6750250365883153,-11.222162455526899,28.180756062175835,15.79123068486068
2000-11-10,-2.760389491762661,-11.599631348481326,27.912958667414216,15.358165426299381
2000-11-11,-3.2143245022793634,-11.56507201809224,27.809623344393735,15.936482149081172
2000-11-12,-3.173201821003582,-12.21769998993284,26.612259250032505,16.257611777409622
2000-11-13,-3.866344051677321,-11.26849833921245,26.53863587227174,16.779772896807202
2000-11-14,-6.049322894916356,-10.033435145965658,26.54500241955326,16.78832599674575
2000-11-15,-6.908328722954055,-10.00729762678036,26.360302970589515,16.626896206871468
2000-11-16,-8.093698091001645,-9.465067454483451,27.60792886364753,16.404155909375334
2000-11-17,-10.254054673148824,-10.46485557848932,27.480343810670114,16.31146617961245
2000-11-18,-9.883560985836596,-11.100420749356198,28.537539173422022,16.66070596094652
2000-11-19,-9.979816646093,-10.7252710685719,29.115487059595104,16.11036131595045
2000-11-20,-11.115427280488039,-10.999334312635437,29.6798944447166,16.791271835448033
2000-11-21,-11.698937206355215,-11.725610266103978,30.889052159770667,16.934183729898475
2000-11-22,-13.174501092866585,-11.408248047219763,31.953109552826657,17.043765258122544
2000-11-23,-13.697228430166442,-10.799470664349965,31.889463838091906,20.30420255544037
2000-11-24,-13.981610200437451,-10.054953237196955,31.440251486202293,20.40598689078347
2000-11-25,-13.011760385801512,-10.459540175556839,31.523180106399447,19.349358898052397
2000-11-26,-11.91180046812805,-10.406743736741314,31.069668376132846,18.452827014220258
2000-11-27,-11.398944248033372,-10.240547641951318,32.02037906141903,20.58299097128902
2000-11-28,-12.539816000076614,-10.035092171008726,32.48651330405517,20.92865199099132
2000-11-29,-12.815790917773311,-9.619512537833037,31.24595273327864,20.529669994136242
2000-11-30,-12.492325468723095,-10.020873817139053,30.74808030150987,21.177051516247367
2000-12-01,-13.360519469886682,-9.522045166267366,30.566359820625543,21.51698066111379
2000-12-02,-12.813335783999477,-10.864730818387036,31.903340858722718,24.312900014680196
2000-12-03,-13.560001099733157,-10.291350382413516,31.539298113851522,27.18533633274561
2000-12-04,-14.272759808388397,-9.537800797658656,31.20895408347547,27.617098610956738
2000-12-05,-15.379224063329941,-10.84326672344308,30.88980819168086,27.182158080929664
2000-12-06,-16.36444949655855,-9.801690874209992,30.24396891213866,27.115596230494738
2000-12-07,-17.03728116213041,-8.327132824784346,31.819159539318978,26.766411694294895
2000-12-08,-17.73840761116466,-9.746030268755108,30.302738942584853,27.972277310991604
2000-12-09,-18.792437464069707,-10.300034659691176,30.51433545241877,29.86258108461595
2000-12-10,-18.790651664966937,-8.738714323573118,32.146731425396595,28.10703263322127
2000-12-11,-18.75297388661943,-9.196715164698439,30.721225488332053,29.92528254370595
2000-12-12,-18.1548643822464,-11.302694701836229,30.167871389903215,29.933146688326865
2000-12-13,-18.456836025439216,-11.159013818374165,29.941857778010732,28.638246744326274
2000-12-14,-17.619078759422354,-12.025728688704032,32.12840659615428,27.03499661465662
2000-12-15,-16.775221775878975,-13.813215466592947,31.25211555082884,27.76196355550428
2000-12-16,-16.416458868864854,-13.774531910538398,31.718391187550974,26.96941821834249
2000-12-17,-16.058517680332,-13.970153481260738,30.95570726465117,28.117210538951785
2000-12-18,-16.786409675217875,-13.322109042575898,31.815877731951716,28.14596945707825
2000-12-19,-17.17923680648157,-11.604984844028747,33.251393378371375,27.303869512319967
2000-12-20,-16.273441547884914,-11.737749193773626,32.72598201456224,27.22988423131943
2000-12-21,-17.09306070565428,-11.34763730466086,32.596183290435306,26.29217499452232
2000-12-22,-15.950169210540723,-11.360169069769306,32.2614081290743,26.999087855249627
2000-12-23,-17.48027800936659,-12.375838752590514,32.97181428465171,27.14710598923767
2000-12-24,-16.778633537143858,-13.854491810523674,32.06336637225464,27.59050219955327
2000-12-25,-17.40455575927306,-14.218977449784463,33.383781953962604,26.35240405158406
2000-12-26,-18.227867940545654,-14.297160374685475,31.93792547050046,25.479857578945442
2000-12-27,-18.232110227594557,-13.337100592943854,31.17263540715694,25.045775202139765
2000-12-28,-19.664351539954403,-13.625414130800404,32.432278794655645,26.16520016689902
2000-12-29,-18.892604396700065,-13.805842153578753,32.66887401171218,27.457421846980303
2000-12-30,-18.8059851082177,-14.287077885027276,35.12794821834847,27.562353122030554
2000-12-31,-18.2214109670497,-14.485234301254772,34.238428288466466,26.985419237443892
2001-01-01,-17.270444375763862,-14.081676320141748,35.95065724642254,27.15785550739054
2001-01-02,-17.92732358865481,-14.772891027467255,35.728593420167215,25.814844680881144
2001-01-03,-17.84751022083865,-13.551470688164908,34.303310089531436,26.555926781052534
2001-01-04,-16.528271478765774,-13.554985639505702,33.73152591045736,26.163482158231513
2001-01-05,-14.166488602825863,-13.536838245152623,35.376590637661415,25.21263607307134
2001-01-06,-13.888385811103134,-11.843302758149491,34.8116079878831,27.40514731613452
2001-01-07,-13.168302238291478,-11.10163069976991,35.38068127536204,28.370055344134624
2001-01-08,-11.833306143874543,-10.097687813933424,35.24470260560334,25.88672647621735
2001-01-09,-12.992978995658385,-10.083705844723013,35.504037509106396,25.74130894432796
2001-01-10,-13.14312709541315,-8.865387566771892,35.33833704762066,25.402627818460346
2001-01-11,-11.172943909252547,-8.552512495380398,37.18372264674728,26.767746289153504
2001-01-12,-12.424531599300554,-7.732542378211989,35.82122698496491,26.45023975774449
2001-01-13,-13.28029588094689,-7.603255118280477,35.61878058445128,25.24198126332606
2001-01-14,-13.500404303914971,-7.97988603218883,34.44414046753371,25.304956372204206
2001-01-15,-13.185497965371937,-5.678285936565427,32.84668402816763,25.226360604840227
2001-01-16,-12.716692871241298,-4.506921954931759,32.92840348624221,25.010025425169044
2001-01-17,-11.07634797740199,-3.7447872623981158,32.68744024021277,25.59427561794154
2001-01-18,-11.689381001683532,-4.72281272139924,33.425199778817806,25.89118785885919
2001-01-19,-12.773105794923254,-4.341838796838137,33.43320649168815,25.704230181258822
2001-01-20,-12.764882978369263,-4.863891266975206,33.47303836799295,25.54942373396902
2001-01-21,-14.895067606383803,-4.863429390704417,33.020722475394635,25.40273282221368
2001-01-22,-13.396536574536784,-5.691963577853406,32.65738270733313,24.735518085281257
2001-01-23,-12.846933038315122,-8.011990232929254,32.293981762788356,26.546375543893586
2001-01-24,-13.070599011022269,-8.537527319801407,32.26792733998759,27.420335765448165
2001-01-25,-12.523425031507045,-9.154180304143413,32.74620126277133,27.95103305258566
2001-01-26,-12.34727737820008,-9.58894830941516,31.671279617984457,29.37085472829273
2001-01-27,-12.272494064251326,-9.752854322429133,29.817810757456826,29.94685815835526
2001-01-28,-11.42762791226732,-9.883259447903649,30.886019443853616,28.820926498575826
2001-01-29,-12.975236304743115,-10.316203506408518,30.578317368526044,27.518464074948362
2001-01-30,-13.98569608691578,-9.912142209626444,31.95356257236484,28.442235390294975
2001-01-31,-13.506147725009747,-9.025688760213944,32.496345236972054,27.341144593696395
2001-02-01,-14.369430919327563,-10.834719433461322,30.418469184637775,24.29622497229158
2001-02-02,-15.142573979349475,-9.662842367237316,30.9321189763503,23.28386548032311
2001-02-03,-15.658913938936912,-10.148908044949897,30.248792410727727,22.57578602735637
2001-02-04,-16.15187396793063,-9.759518077501495,29.943129775743156,22.732146284688568
2001-02-05,-17.52154036487475,-8.149625209086675,31.544460023734715,22.992431943177703
2001-02-06,-18.164286868204332,-8.044754584995253,30.592106863813637,22.801328906878528
2001-02-07,-19.831321037735876,-7.474838969850992,29.98953208322663,23.93770792317967
2001-02-08,-18.61121457858893,-7.077964996493853,29.23778154086194,24.083219227362093
2001-02-09,-21.07362008196094,-7.025126747087984,29.1843905039498,24.202024770938866
2001-02-10,-20.600724922587926,-7.114694618978388,29.578997101928323,22.73729441307637
2001-02-11,-22.424365597305155,-7.5312488198266685,29.940427624457993,22.393307153845768
2001-02-12,-21.34127271745984,-8.176923912321772,27.806251960789428,21.132351076589885
2001-02-13,-19.783828978971343,-9.075855361486663,27.73790366939095,21.860204608126885
2001-02-14,-19.718144051949253,-7.408630015864537,27.673466011551547,20.593649164394407
2001-02-15,-21.03680415207161,-6.194962652924444,27.429904182236097,19.952803254830737
2001-02-16,-21.472430316244676,-6.8130640356579,27.32645927729957,19.848468553878032
2001-02-17,-20.10750708798593,-6.685142014704295,28.46190232006208,19.670058371972797
2001-02-18,-22.13252164095007,-6.9813355946730775,28.824956180434008,20.447869006406584
2001-02-19,-21.555253845171677,-6.536778512857095,28.70974483364398,19.440921962923277
2001-02-20,-20.222207794935414,-6.268054627532544,28.67184791221628,18.874747583272764
2001-02-21,-20.30015722111589,-6.654496863281517,28.160445482632642,18.3347839894836
2001-02-22,-19.774169198284046,-5.050326206559615,28.508383275249603,18.850933520436435
2001-02-23,-17.900824440289202,-6.889291329932183,28.74929660088343,17.538552658405806
2001-02-24,-18.855420727545937,-6.479061741964033,27.7612142359426,17.37496564706205
2001-02-25,-19.845816813533023,-5.292156741134859,27.854084757721274,16.318307361574632
2001-02-26,-18.97717169526196,-3.480700452981071,28.071708108815354,14.804786345076007
2001-02-27,-19.466755422346825,-4.357489231493234,29.431807453729945,14.777673603252635
2001-02-28,-18.284115017419374,-4.32728409787941,27.926613873673567,15.354617120918133
2001-03-01,-18.69391011405407,-5.1401930210056825,29.674969137258874,13.595611625000402
2001-03-02,-18.94144376031152,-4.15210977680434,29.597189242341457,12.454943071697876
2001-03-03,-18.24663318088568,-3.0464209907989637,28.89612776518933,11.57596542524412
2001-03-04,-19.26636812297678,-2.9651384026297536,27.442192456255526,12.4774289397983
2001-03-05,-18.28935742544258,-2.712333074785393,28.718436233114705,11.265934609302997
2001-03-06,-17.960241856016538,-2.1455381223083156,28.09272330274947,12.955822577505213
2001-03-07,-15.67151941130178,-1.276908075579891,28.512325235008415,12.094836901536349
2001-03-08,-17.21766565338804,-2.1121588389765,27.45311511859386,11.025148730943489
2001-03-09,-15.61221173987814,-1.8970051699097878,27.26487579047069,10.684329378500875
2001-03-10,-14.914107876616464,-2.718477586090958,27.876225758964765,10.819279407872697
2001-03-11,-13.35506625762336,-2.2550479630527542,27.81338097524612,10.442809662552294
2001-03-12,-10.936078417772345,-2.3777476819050634,28.501450103749505,9.909856727816091
2001-03-13,-11.662610380165587,-3.4074332607581512,26.979503328410136,12.237746223844628
2001-03-14,-14.066917106561998,-2.114636793633265,27.850233825636348,13.13414514827081
2001-03-15,-14.103820097832124,-0.8088794626985631,26.296280863826432,13.489570090854846
2001-03-16,-15.581323067237488,1.0481970293512495,27.310324524157974,11.246998252373025
2001-03-17,-15.578907327727224,-0.11735125391882595,26.78334904536775,10.953111081167759
2001-03-18,-16.487407216955468,0.1308196129661309,26.75519187836048,11.281827913401699
2001-03-19,-17.623781098995863,1.9270729454665587,27.174476956199264,10.925910472652394
2001-03-20,-17.695512011369658,1.9023756421026612,28.755664149435393,10.590004620897465
2001-03-21,-15.025119773522047,1.7702253385470628,26.81170800009738,9.327005229934501
2001-03-22,-14.760146171238999,2.2460406823035104,26.398811829972903,10.55738945721486
2001-03-23,-14.501007288483642,1.8421491192914237,26.998413965170865,10.507723082605896
2001-03-24,-15.075718243149039,2.2029834993497013,25.95656716513594,10.899759209352787
2001-03-25,-14.616559304754462,1.9650210602329843,26.798305012952774,11.354631934455563
2001-03-26,-14.217563823715858,2.2233480792046842,26.94828769642209,13.044021665563903
2001-03-27,-13.745016956136904,0.9494308962300195,28.710233262974132,15.785307318527005
2001-03-28,-13.910141638020491,0.6225522829797563,28.27399405452381,16.134336307380305
2001-03-29,-14.504018042118428,0.8340171655144569,29.61786275461897,16.176242133928636
2001-03-30,-13.32731571117043,1.537724176763982,28.000964568354426,15.190856428852106
2001-03-31,-14.096546678222126,-0.5018074935087538,28.021427886614457,15.158016522361594
2001-04-01,-13.480330118698523,-1.3909098128652206,27.236012353472844,15.474008594126003
2001-04-02,-13.3960355715571,-2.939743443781598,27.686114017505606,15.507264843865373
2001-04-03,-14.343122056060098,-5.970429723662347,28.318461662322456,16.349835702879936
2001-04-04,-13.008379421133053,-5.656290051379633,28.774626146917946,16.324192261038444
2001-04-05,-13.391388591971346,-5.549650729572984,29.25465274503421,14.602372968829648
2001-04-06,-14.08085800809408,-4.4974094333254175,28.69622568309314,14.629548763104008
2001-04-07,-14.187610629589889,-4.849816537399618,28.4603135929296,14.573650700752307
2001-04-08,-13.241875100385892,-5.77740783484899,28.40311847717721,15.157953773596834
2001-04-09,-12.42429983577219,-6.251958553414716,30.25262199066509,16.31696319859933
2001-04-10,-11.353967914664624,-5.643468188138925,29.60518663222392,15.825074347808036
2001-04-11,-10.904622950790078,-5.009959968550849,31.52100483715396,14.889226052027812
2001-04-12,-12.380212972958617,-3.7432191136962576,31.720887590216094,14.359273068917263
2001-04-13,-12.593040757880246,-3.951299959464286,31.398000544584086,14.451340981342932
2001-04-14,-13.049550412439215,-4.741993995482595,31.428996298662607,14.15696946608308
2001-04-15,-13.673344226236468,-4.2138439707968045,32.64983886733873,14.400574008638147
2001-04-16,-13.288564246164318,-4.290737027136678,32.92935885548183,14.088150689930314
2001-04-17,-11.280579562512171,-4.834912196296448,34.31428064031399,13.822265166194555
2001-04-18,-8.648762506322877,-3.586451007001159,34.40182915834185,15.292104101499673
2001-04-19,-6.815571078739198,-4.07762530384816,35.558960584246854,14.226598983962148
2001-04-20,-7.256228733259941,-3.5270480280243666,36.45460829846165,16.108035991097427
2001-04-21,-7.641606129374765,-2.9930890208869654,36.12726520889726,17.910222914213623
2001-04-22,-7.800308613539133,-2.6518740700226813,36.64632007802767,16.634856776527922
2001-04-23,-8.817465234345583,-2.096250065825017,38.61556327489678,15.752138784487752
2001-04-24,-7.779934215735208,-1.9683555095508334,37.76510399535122,16.59954898327669
2001-04-25,-7.4141782811414885,-2.270281268169934,37.20901988433856,17.44577745108727
2001-04-26,-7.157794904201049,-1.0118529006022081,36.71663724950407,18.497744465890744
2001-04-27,-8.104621357484175,-1.7025956564909857,36.65974938713918,19.826564586330896
2001-04-28,-8.01986737512514,-1.7509774305459533,35.752798628552014,20.49520396181589
2001-04-29,-6.622204724537667,-0.7943665768185062,36.261369624121826,19.11729096331952
2001-04-30,-6.324551456502524,-0.8341460816332519,36.039378852345585,18.60827027479178
2001-05-01,-5.189809720987909,0.683654613407564,33.882553895622316,18.264569757490648
2001-05-02,-5.707945871113018,0.04107143191582907,34.414728747809136,18.22050428240865
2001-05-03,-6.58221505801752,-3.0091098978797266,33.84094539552956,17.281970869154705
2001-05-04,-5.652711884936912,-1.7843803139447751,32.638991371104055,17.882119197852045
2001-05-05,-4.60170307099735,-1.7544180472513216,34.269821863956906,17.571801500330206
2001-05-06,-3.6276998141522743,-2.999435501192352,32.98832814664596,16.743740837288748
2001-05-07,-2.6002505245549647,-4.653297335328667,32.13572582066397,16.867116739187274
2001-05-08,-2.97085479643078,-6.56909386574466,32.33165916307449,17.755008192677753
2001-05-09,-1.8953192558397418,-7.289953224120327,32.664746667733034,18.419884070187543
2001-05-10,-1.415002019705673,-6.270420547369161,34.06909929397015,17.776660404995415
2001-05-11,-1.5625625541456563,-6.374549263660583,33.62977493608981,16.925412546319297
2001-05-12,-0.740361112857193,-4.97042428609018,33.069939792092754,16.847233215856615
2001-05-13,-2.0418309300509496,-4.892407587165967,34.088721381767435,17.106355836793558
2001-05-14,-2.321599119192858,-6.47838383945798,32.64157154943462,15.808912655336826
2001-05-15,-1.6621063469100297,-6.294889779673546,32.29907328672722,18.831013023336293
2001-05-16,0.1789495899067146,-6.065482028737883,32.11781133041742,18.157848845846303
2001-05-17,0.6472396168622426,-5.952036782508851,31.992162468921595,17.546783833588538
2001-05-18,0.28359020629090653,-6.046525751656434,31.863142029494632,17.044575554502345
2001-05-19,0.18434815818523417,-4.893308322494337,31.77720279553056,18.244453044315332
2001-05-20,0.647396045007125,-3.3932663725757912,31.662542482319683,16.813888394350105
2001-05-21,0.1367621435451455,-3.786172053117402,32.76536694342116,17.241302639800818
2001-05-22,-0.2423736358401311,-3.2067443478721853,32.23232929174815,17.02219608922538
2001-05-23,0.5507816275155593,-4.743976460941487,32.9285049133709,17.33495036187463
2001-05-24,0.8296837199159991,-4.713144541201928,32.04258849767602,18.66307544533969
2001-05-25,0.09100998633954216,-4.6379145823463155,32.0421795709684,19.03708190054072
2001-05-26,0.14242810277232185,-5.4722140670160595,32.783037746803814,18.977740092542188
2001-05-27,-0.03147702026897306,-5.472880466455032,33.63988950358265,17.787374925770713
2001-05-28,-0.5430208075502283,-5.746047465246093,34.668858081575856,16.60728693566194
2001-05-29,-1.8778595958665434,-6.558788639795766,35.40828354245864,15.89126768261172
2001-05-30,-1.951793442661453,-6.307509988905731,35.06148142938763,15.252748289985531
2001-05-31,-1.341811082934977,-8.262088342636748,36.53726799162854,14.877926747272946
2001-06-01,-2.6191027352985463,-6.793092843227225,37.24130712458258,13.775155162717594
2001-06-02,-2.1570764700181795,-5.512109994510904,36.18391264637802,14.016670852474796
2001-06-03,-2.5460374101384273,-5.3823956151956835,35.51372273343328,14.985402160292725
2001-06-04,-2.9911742897122453,-5.466815469764091,34.94085545750279,14.913680808876899
2001-06-05,-2.1628807317729226,-4.322850544029848,35.7842065975612,15.360778348583239
2001-06-06,-3.2378323923231944,-4.132452013514425,36.88897869717233,17.41902077083212
2001-06-07,-0.204301991830667,-3.5081613883277445,35.773457264237756,18.955228438762422
2001-06-08,1.4175292076099402,-4.208401901806892,36.36451306948321,19.610628818826083
2001-06-09,1.351885083221828,-4.4537610513066195,37.119625080536345,17.859658382757765
2001-06-10,2.115034351062556,-4.414268531310965,36.64383466148922,18.04075250875382
2001-06-11,0.8300657383101837,-2.7670214202887617,37.24786445211466,19.277609916980442
2001-06-12,2.1180499378744315,-2.4559732001507673,37.4049496121123,19.2403068855895
2001-06-13,1.5291568404642888,-1.7221355380693815,38.13106620457368,19.183145443047174
2001-06-14,1.0655321249883323,-2.793782750048752,38.81422944412585,20.034301684200514
2001-06-15,1.5241149579470756,-3.0065789990011016,38.685059715698465,19.633236524728378
2001-06-16,0.6788663291616056,-3.791626156834953,40.06033978883151,22.20816409104531
2001-06-17,0.8477980354047288,-2.6107659732534145,40.968882600968385,21.48209066098634
2001-06-18,0.9187729893400952,-1.4032407260989304,40.06336225710413,21.874899048592663
2001-06-19,1.395209572066634,-2.4569970207686036,40.13953868661831,22.550945149579572
2001-06-20,0.95106722390723,-1.450523905431344,40.69770299405197,23.08521218424461
2001-06-21,1.1744108863277098,-3.107892890961276,41.58475730702269,24.170984597276934
2001-06-22,2.150906869683636,-4.080152232165247,41.477233193094584,25.14543270051378
2001-06-23,4.206717686174268,-4.720565652861221,42.35073189554289,24.80352716687237
2001-06-24,3.8453388160982174,-5.26495088129208,43.132803301275125,25.517595183216937
2001-06-25,4.5139737212499655,-6.1649098053918445,43.99056312254247,24.758897815304092
2001-06-26,5.546883758730144,-5.3976738288365125,45.26431002344035,24.287215069236805
2001-06-27,5.274219422128043,-4.446528831369408,44.18412475894531,23.357300063551314
2001-06-28,5.251221900518204,-3.2060750682180235,43.31065366062064,21.716675990978253
2001-06-29,4.1364188905965555,-5.578107387950423,42.202858658400615,21.46367393304728
2001-06-30,4.76018404749454,-7.990377496763463,43.82021917781039,21.892833558393903
2001-07-01,3.8593190833124895,-6.143818185760669,43.66971591437841,20.987466945104625
2001-07-02,6.105165158113877,-7.10351844010166,42.17374404460545,21.36344658606994
2001-07-03,6.399256012193154,-8.295898197205608,42.835343141144364,20.570860191755248
2001-07-04,6.528776761657752,-10.465571254166708,42.46825889028693,20.26493164089284
2001-07-05,6.616430796268212,-11.099016936524547,40.48372622145443,19.736803143681716
2001-07-06,6.984817285752472,-11.041446185841336,39.49656489855076,17.34321741785464
2001-07-07,6.844952330461288,-12.467747524335007,40.473577404867726,18.976483940895957
2001-07-08,7.089314452184805,-11.904264906811878,41.23575103929473,18.417792367964058
2001-07-09,7.311691136142475,-11.031595414698932,41.801477879967265,18.192325581731662
2001-07-10,7.4256756544096865,-10.165253741870593,40.9584984398221,17.30328615914787
2001-07-11,6.298001408799511,-10.008210000141885,40.41615512465337,18.059992110791587
2001-07-12,7.377734920825853,-10.394569395861167,39.655489449679706,19.46794885587807
2001-07-13,6.685355531704889,-10.263732250538535,39.665845883450395,20.04983375623965
2001-07-14,6.776021315332418,-9.296763655864824,40.101790382180845,20.160749007303984
2001-07-15,7.016489996034032,-10.076452991436083,40.971886564426065,19.403322607231836
2001-07-16,6.621796808060447,-11.424386698830382,41.62104766920828,20.51903753753942
2001-07-17,8.06470820768666,-12.217046123276873,41.83017832692957,22.48751863677931
2001-07-18,6.427860308564601,-11.354042305764402,41.25638857045166,22.134417570454396
2001-07-19,8.017966355011449,-11.33497967132535,40.351257564918576,21.18415912659793
2001-07-20,8.38926690158848,-9.993910092508553,40.11493980336378,19.56297618335832
2001-07-21,9.771597883691742,-8.428913690611308,39.568905516512096,18.008517608176486
2001-07-22,10.388581911488306,-8.26668978784776,39.253100642757175,17.459695606383033
2001-07-23,10.648466130550446,-8.5794103655331,38.71042426198827,15.635402971205313
2001-07-24,9.658742475699226,-8.44987552024424,40.42935915746087,14.628832224058318
2001-07-25,8.669026696664261,-7.1828777711442875,39.87573936677007,14.289876689285363
2001-07-26,8.824024855539387,-7.5162722988150446,39.922243957344136,13.694991603832117
2001-07-27,8.250442844995794,-8.02197131007625,38.64025666933486,14.058990584176847
2001-07-28,8.584206087868406,-7.267290946842362,40.59604825820034,14.367660512553766
2001-07-29,8.461905684141682,-7.078507313570765,41.85380326368725,12.673228273670723
2001-07-30,7.639612606304554,-7.986678545583052,43.85421443784477,12.821769843462919
2001-07-31,7.834989730249461,-6.688282665703428,44.874946513952274,12.842094908110152
2001-08-01,7.514190689110651,-7.769860703523652,43.7618555330453,13.46693642506447
2001-08-02,8.51538736360191,-9.299311115912406,43.14245147015706,13.481484915652919
2001-08-03,8.018235103229841,-8.767871832410545,41.397019112267586,12.30151563779977
2001-08-04,9.530332352960837,-9.21787996785066,40.00583892682898,12.818814716532723
2001-08-05,7.839134591844081,-9.867540934684571,40.56104680337149,13.703467628402443
2001-08-06,8.930981053157023,-10.716194712134719,40.44465421975324,15.238236075984723
2001-08-07,8.195222056841565,-11.747300519263243,40.00364287717404,13.76822907804514
2001-08-08,8.880921288859104,-12.799063392752853,40.0941915399156,13.22410103729465
2001-08-09,11.397920657155883,-14.50309030258517,39.922569213433036,12.09334712224693
2001-08-10,11.645747297311903,-14.657446142649395,41.32630749620184,13.938565558817675
2001-08-11,12.94117288182657,-14.443434170071004,42.499053492279195,12.956161047237586
2001-08-12,13.452197671945715,-11.831350685934076,41.34550123359532,13.256617432432163
2001-08-13,12.677921521452262,-12.907047185266865,39.32640314648474,13.328303201542573
2001-08-14,11.924700391282704,-11.825764117678215,40.06783331991133,12.076774699110446
2001-08-15,12.380398283501378,-10.675507594590496,39.62597258770309,11.755085270853026
2001-08-16,11.24174485932416,-9.617130168928115,40.375014798704946,10.426996966963495
2001-08-17,11.887120926162002,-10.802357858435986,41.599602775324165,10.67922409644499
2001-08-18,11.61012276801536,-10.670184706420235,41.542102726996696,11.433528991333231
2001-08-19,11.948640710240985,-10.691623505347321,41.24276904263108,12.43213781391622
2001-08-20,11.32708969911043,-11.938361168849653,41.497259922112676,12.674215912856063
2001-08-21,10.945359666625802,-13.896924569305755,42.22663238953666,13.150894713308308
2001-08-22,9.815994952702086,-14.236516891462783,40.58926008763181,12.032425612282509
2001-08-23,9.925442204522236,-15.556470115314646,42.36481168629739,11.235012395546393
2001-08-24,9.046847543658592,-13.82113268780564,43.335354832165805,10.895562926568891
2001-08-25,8.653697554317937,-14.028338664759767,41.7737870462927,9.799754775010113
2001-08-26,9.301574927188296,-13.267553681032677,41.54642570093783,10.305057076894132
2001-08-27,9.425859389596797,-14.615159604332785,41.86362815294259,9.573830401227005
2001-08-28,8.761286521753961,-13.762494144004767,40.19219807102027,9.186341614644002
2001-08-29,9.326951841990962,-15.26134601188004,39.50737115693038,8.144323963483174
2001-08-30,10.462449073988525,-16.15498328375329,39.637887632744295,8.363001296603164
2001-08-31,9.42123618478388,-16.685987961408937,38.51851398529481,8.119252740074
2001-09-01,10.878770315518382,-17.748152458965954,39.36928286904989,4.763113735944512
2001-09-02,10.442728221523806,-16.198338403864405,39.17202110706712,4.237280586172004
2001-09-03,11.251856862513241,-17.47409670853001,39.93214237298841,4.001339222391813
2001-09-04,12.104359794243836,-17.755172904428974,39.67703441175732,3.509733587150841
2001-09-05,11.342121956705913,-18.29088824107708,39.79472006221539,3.5702717632918906
2001-09-06,11.760724332496682,-17.106295620090215,39.12693628574359,4.688401205315294
2001-09-07,10.789569779127296,-15.721971206857235,38.21643469651909,4.543353056223215
2001-09-08,9.222026277642609,-14.069707800797653,38.8270534962841,3.3055337992235625
2001-09-09,10.027894294926996,-13.973885160653031,38.461960459791904,3.0607825521919296
2001-09-10,8.854700619173014,-12.193461344193661,37.0253886058165,2.6986176251880454
2001-09-11,7.5907998924102635,-11.419202258964532,37.18974900237399,2.9516399847468318
2001-09-12,8.233584539509543,-12.027494588110091,36.2050098536256,3.7456369587490137
2001-09-13,7.415469932341443,-8.814787211219697,36.19461602308656,4.132929589763832
2001-09-14,6.166308286034048,-9.39913665359847,37.10114786584098,5.8752632677974175
2001-09-15,8.021765961118646,-9.33015312509769,34.71672874147629,6.817639751830799
2001-09-16,9.00669359321713,-9.179446772876393,35.739209894355916,6.954995210526493
2001-09-17,8.637331369205926,-11.15169495227163,35.13521313439554,7.252133399127427
2001-09-18,8.251798475052272,-9.235784094244455,34.91013989170271,7.798208347557029
2001-09-19,8.161402329090441,-7.821464772772458,34.25307165394264,8.272540183810808
2001-09-20,9.752894297970492,-7.256512040765484,34.62813860983377,9.524973062382987
2001-09-21,9.14236815783696,-7.767442648716791,34.86986697006709,10.740660345835437
2001-09-22,8.433206429308216,-7.580154395229115,34.964547303639044,11.225103466181364
2001-09-23,6.976816361023136,-5.810193707878005,35.25050126610112,12.233728957947184
2001-09-24,6.8740973728143535,-5.5385186053423485,36.572608272818265,12.951104217130599
2001-09-25,4.883872525077199,-4.859572848631516,38.106902934751,13.138555850882806
2001-09-26,6.78638571258806,-5.124698993599562,37.54362650569353,11.482804043190526
2001-09-27,7.917552202189064,-5.937470329563922,36.744781979540285,11.939438891992866
2001-09-28,6.426151517067937,-6.8987265534630176,35.231741398496304,11.019047232446372
2001-09-29,5.358829331542086,-7.3901862587822436,35.19007637049923,10.908745143790938
2001-09-30,5.307510875978287,-5.451325281151938,36.42854597712783,10.147422405495051
2001-10-01,4.614907328407651,-5.659828466503261,37.474761467562715,10.788368653620806
2001-10-02,4.293030275731731,-5.516622527698996,37.142744169701054,11.813795477453567
2001-10-03,3.705345479169509,-5.619133149472284,36.754708814435375,12.603807782183488
2001-10-04,4.203894387992282,-5.4192487422503035,37.23468410613743,12.835291560862775
2001-10-05,2.138554486968913,-5.7957775568738485,37.73993616698713,13.646474304295806
2001-10-06,3.9947936290104593,-5.100418570965993,39.79846634394355,16.44419095441747
2001-10-07,3.020801709846064,-6.04128586470358,39.88683321888893,15.606973878672054
2001-10-08,2.0627546708621085,-5.275668710228184,40.439458759527305,16.48700010571115
2001-10-09,1.087729039803087,-3.9949476845409744,40.34498107120836,16.872543875322464
2001-10-10,1.6480976922320876,-3.630033009684319,41.50535069942465,17.206059954547623
2001-10-11,1.8370484491183572,-2.863308847513891,42.701476986184474,19.010939250809685
2001-10-12,2.7515818621784254,-4.0985134013843805,41.67386165188112,21.02649428128554
2001-10-13,3.4482247281743623,-4.507710905075326,41.07103650509886,20.732802836879802
2001-10-14,3.0031680922620203,-3.9111467287530117,42.57797092833174,20.28368846425133
2001-10-15,2.459989521688899,-5.389183385916446,43.87416263502116,18.87850187565659
2001-10-16,3.2900476382452424,-5.81883446884925,42.9790985602191,19.06442464722695
2001-10-17,3.2794226698277407,-7.40973861618423,42.11999236501216,19.599690814309053
2001-10-18,2.697588356384159,-8.948003155858025,41.84419250898501,20.399421194689495
2001-10-19,2.0210805466242148,-9.975024858011945,40.934953678822474,19.8777624334781
2001-10-20,0.5326306251349668,-12.788927622690455,40.74910704861359,20.19122385989763
2001-10-21,0.25569614287363407,-13.55043508757873,39.70849219125516,21.081104545434112
2001-10-22,1.8502344793379257,-13.138187101075617,40.58384339584119,21.10289798059463
2001-10-23,2.024821669416385,-13.04921745185828,39.350597841670556,22.31587083054955
2001-10-24,1.2526040753219934,-11.954562836974938,39.580297495801226,21.45564487489405
2001-10-25,2.457322910968854,-11.281738867075967,37.83221609883254,21.85063568026247
2001-10-26,2.108252446861216,-13.051874199530976,39.37528090484215,21.060622008948553
2001-10-27,1.1714015313594845,-12.637983154493666,37.85783914843431,20.90252513424343
2001-10-28,0.7220024677015031,-11.52172882217243,36.39351905873409,20.513242512302057
2001-10-29,0.8981732733501357,-12.378197976646634,37.184310643361336,20.494403284045966
2001-10-30,2.4669409299727234,-12.704244886244107,37.019418612596176,22.02309151621764
2001-10-31,1.3020192668328967,-13.451947025323776,36.4616198440072,22.517576392681104
2001-11-01,2.7523566782262874,-14.82656625722819,38.76310708433301,23.300145355382355
2001-11-02,2.5139334638022084,-14.854249721879619,37.893166054680535,20.380252303653037
2001-11-03,4.623794176651468,-13.492311155935997,37.288723766225154,21.213089494305684
2001-11-04,4.254829190586502,-15.559865705013463,39.10615784725978,18.20436936813627
2001-11-05,3.3133427954960673,-16.002062776052078,39.03958484104229,18.392506387418695
2001-11-06,4.436527077309114,-16.434722348735008,38.22572854207722,17.95860505623997
2001-11-07,3.724426211744837,-16.23875756219561,37.69397461284231,19.38739948968854
2001-11-08,4.3875752159127215,-16.50072450796848,36.945057712276984,20.69640155279749
2001-11-09,4.254690985003192,-16.084664373908858,38.06456710173774,21.594922160927187
2001-11-10,3.2550305592238797,-15.4980822908518,38.445148717954396,21.83846805276249
2001-11-11,4.050072738499985,-15.469863234568331,37.69876571092721,22.232448563330557
2001-11-12,3.922703642062013,-16.496795415508466,38.67833097425814,22.368231878289787
2001-11-13,3.0924920115951777,-17.163008646713003,39.96343536734574,22.784484395668347
2001-11-14,3.010894220952947,-18.250399093396336,40.511428046335,22.95370374347845
2001-11-15,2.7440073616725473,-18.569948623264604,39.02819628792796,21.35836576622198
2001-11-16,2.6611409465274463,-19.577917420339144,40.62868118314761,22.988446370269642
2001-11-17,3.5849187021579896,-18.920854125720435,39.71904053137491,23.802458539256484
2001-11-18,4.3250317603093915,-19.189395016818178,38.8999130578625,25.170918284308964
2001-11-19,5.496632752264873,-17.803439265649168,38.64685794641646,25.072259039245715
2001-11-20,4.446044279024281,-17.421798663244402,36.93039308275077,26.060361156515707
2001-11-21,5.7303129847845815,-17.75041270502098,36.78369100395115,26.284072122977584
2001-11-22,5.807056870296736,-17.306799030689525,37.83745097300888,23.308182056428095
2001-11-23,7.175045151735011,-17.582956024489384,38.04965435505476,22.79058830855699
2001-11-24,5.857080062588977,-17.926994744913486,39.253396482101756,21.41176178216742
2001-11-25,5.8928606473185186,-18.209365502812663,39.34400656407821,21.028402573192277
2001-11-26,5.827468590764627,-16.93489118123749,40.91107651788076,20.416818383010263
2001-11-27,7.945834035329524,-17.592187748332076,40.599206768824835,21.26032250078933
2001-11-28,7.518958327988753,-18.044071020526253,40.13376058683371,22.468652605660814
2001-11-29,8.98343897633551,-18.21818177948045,40.24678354863199,22.67375943940899
2001-11-30,7.276538423547706,-17.6582332890819,41.0585819444529,21.454510665603213
2001-12-01,7.813093519143066,-17.70654818989858,41.25190803446357,22.5814360874401
2001-12-02,7.567258157269138,-17.82176647788219,40.1298225714252,23.755740009928953
2001-12-03,8.294453734038807,-19.06711033085842,41.196942193647985,23.151504707773583
2001-12-04,8.495640125343009,-18.351857531180773,41.0788159243724,23.535885670099525
2001-12-05,8.638883374147472,-18.518255584143265,42.09727717946525,23.30851177121621
2001-12-06,8.425065346323903,-15.976184381439928,42.68602731665414,22.54683453377079
2001-12-07,6.597442602234943,-15.906584425299494,45.51628520736067,24.290795542018348
2001-12-08,4.260380233188723,-16.005246229120086,44.6041846791514,25.323481267665656
2001-12-09,3.2482908522512055,-16.0589887672586,44.248665710955514,26.167986751551677
2001-12-10,3.7885443440313082,-15.867074087265722,45.01137209390457,27.17874282502713
2001-12-11,4.703189013535145,-16.66855803090604,44.81577350378501,27.069348944366983
2001-12-12,3.9860209277532808,-16.62093024657961,45.22836765685724,27.67881364140263
2001-12-13,3.4408691482657883,-17.33795087718176,45.79596463817247,27.202975424251274
2001-12-14,4.952989948932993,-15.293508927469286,45.10275120623744,26.890902887116802
2001-12-15,2.079055205508502,-15.584433365468977,45.982880872205136,25.89833388258433
2001-12-16,1.8594875445657217,-15.315856142176205,45.90585863627946,27.036261217360035
2001-12-17,2.059299207103165,-15.98444703739842,46.92011990134256,26.31067527717462
2001-12-18,1.276457566645895,-13.160862864245916,44.78456109808558,27.28243123827831
2001-12-19,0.9395700280666925,-14.844272109001976,43.78428802863233,27.203721737871554
2001-12-20,1.2824656442169797,-15.628653609871646,43.8739392496641,26.977759639330277
2001-12-21,0.6651642184197156,-14.399201122508895,43.812617303960685,28.137304862714288
2001-12-22,0.22757394186084573,-12.9762114262065,42.193727418556804,25.537933103036753
2001-12-23,-1.3729264010272477,-13.55424843100695,41.28743659273756,25.31483788101245
2001-12-24,-1.1088681970924001,-14.145185224528982,41.25986430521088,26.323395369160764
2001-12-25,-0.05344821531994137,-15.331133584911349,42.60876576762094,27.39310870904262
2001-12-26,0.5081225829939666,-16.37693664437555,43.119840752663045,26.33312973588396
2001-12-27,0.9114888954187472,-15.117883365850172,43.03862675897838,25.413160003656493
2001-12-28,1.7025168434251712,-14.962540448698803,43.1503590631565,25.20342298242612
2001-12-29,2.6239803434900346,-15.628714663913007,42.3471731432417,24.588636223703144
2001-12-30,2.8530545235184497,-14.623715773170012,42.36026146902783,24.518857497513853
2001-12-31,3.5938676643121754,-14.715308753221377,42.45486596087121,23.730209115964065
2002-01-01,4.350832717930209,-13.18342043272701,43.086290700965066,24.52517241059579
2002-01-02,5.2524904895966635,-13.967375736336049,43.88584518596599,21.79099933313979
2002-01-03,5.612894277958472,-14.691560864386151,43.816612702657274,21.205960103476734
2002-01-04,6.182408612544708,-13.106607860810104,45.03410860414791,21.036115145337682
2002-01-05,5.779683631904246,-13.498265424170791,45.51019370995618,21.16430101998595
2002-01-06,4.3440030124538,-14.046718638308683,44.36348033551243,21.397117957329584
2002-01-07,5.161438508320493,-13.372110172637223,43.66131280577638,21.077729688927246
2002-01-08,5.432295254244664,-13.30955703890519,43.42787752997956,20.260729448578473
2002-01-09,4.82858714601595,-14.655639316353792,44.308324857834464,21.464566440830257
2002-01-10,3.4851776481155303,-15.562903514463041,42.847271192282506,22.431846469173045
2002-01-11,3.714938292198325,-14.663045962591315,42.388185954590824,22.545793671414785
2002-01-12,1.7361897145225946,-14.227525670023935,41.07178048444931,22.95183515962743
2002-01-13,3.1854325064599736,-14.255135563266723,42.19790758833386,23.241154944727228
2002-01-14,2.548514515652681,-12.944010127319848,42.133375509270586,23.830963765961073
2002-01-15,3.180469518478543,-13.455516585168231,40.601140741981084,23.596156119060424
2002-01-16,5.338290669002655,-12.980915317863676,40.078519843560976,24.894380661929475
2002-01-17,6.1760773142348615,-11.942719762402142,39.66315131415042,23.64428087189556
2002-01-18,5.266336625210531,-10.8902078006205,38.229747211855205,24.10545453124301
2002-01-19,4.9553047966906,-10.199045896753937,37.63980810817484,24.63092283837292
2002-01-20,5.356759066197031,-11.54921803759402,36.63665487161414,23.74632876048599
2002-01-21,5.104130851081682,-12.106657075509387,37.05463805633953,23.17553073121185
2002-01-22,5.155005567206578,-13.414148839215748,36.67969267664591,23.712316343340376
2002-01-23,4.48436455964938,-13.406167760210126,35.6937192016746,21.54077821021964
2002-01-24,4.356369307248564,-12.673230088345361,35.499613234833646,21.026824220682357
2002-01-25,4.426682381629116,-11.52570843738224,35.83680510676821,21.760760858548817
2002-01-26,4.919969186090315,-10.947202845260911,36.27776441117783,21.81814120337884
2002-01-27,3.1014070451903226,-13.659321964038078,35.87563862071461,21.440114059550293
2002-01-28,1.8560410414177595,-12.427253789672985,36.05639363992,20.878772992445434
2002-01-29,3.1548196641847466,-13.935641811753039,35.79262149256061,21.275878391218907
2002-01-30,2.791791179658371,-14.140468774452293,37.05165232145984,21.54969907048749
2002-01-31,3.872093710835189,-16.30376469166146,38.390438315378944,22.847604786057786
2002-02-01,1.7732335234392234,-17.656578702653903,38.01957998600582,23.595463825074415
2002-02-02,2.443480469378905,-17.9427687738334,37.34972135377226,23.45624063695093
2002-02-03,2.3953579555478877,-16.76297619929747,38.327870253792135,20.969619027809923
2002-02-04,2.24088864008972,-15.98895105728023,39.145605954136286,22.381746635660384
2002-02-05,2.3045531170137936,-17.581164696712474,38.489599348796645,21.557545514106863
2002-02-06,0.9591571205991603,-16.60220130897661,39.91911914810052,22.33698240538185
2002-02-07,2.735259359424191,-15.375252546352808,40.753058264645404,22.66590407032289
2002-02-08,1.0825840712774437,-16.573012257972394,40.657093975070794,23.216313801792914
2002-02-09,0.08736285334909433,-18.627771452121756,40.66866324799763,23.352564445219752
2002-02-10,1.1986237649276714,-17.854988919645212,40.678679098503395,23.555879999306924
2002-02-11,0.5917450936591994,-17.967636693347178,40.11290178549608,24.012533412711047
2002-02-12,0.007936656226284255,-16.810990104760634,40.847402719311965,25.292816113733107
2002-02-13,0.0015490848338677518,-16.24426117203549,40.32960016837618,27.06142760303518
2002-02-14,-1.0642604126872666,-17.27202563912971,37.75819146906448,27.009653759657002
2002-02-15,-0.7034032974812421,-17.41107118907495,39.613136369163826,26.83778516805485
2002-02-16,0.36781955909338326,-17.524545720258022,39.711915091425745,27.49314848558459
2002-02-17,0.5907452762347419,-18.682090741522437,38.65362640664537,27.267899822901388
2002-02-18,0.5459802012795995,-19.033295147916608,38.53447007748194,27.878889733751848
2002-02-19,0.006387542762365417,-19.89144497682765,37.91445223250845,28.426704315574725
2002-02-20,-0.6584404190635559,-19.76634833590712,36.980939091613855,29.456678607358885
2002-02-21,-1.5768722964439688,-19.429481526935806,37.26741511486897,29.7505719647556
2002-02-22,-1.7909428831069707,-18.950279612782143,37.03971719208956,28.770314424602415
2002-02-23,-2.354160563950904,-17.62131303303864,38.38080668181811,28.846349701518722
2002-02-24,-1.4166974560299326,-17.822696017228814,37.973101753314964,28.366041081538413
2002-02-25,-2.8689329108899964,-18.32545845855519,38.35676458204767,26.966669318917276
2002-02-26,-3.334377983173961,-18.493610181991443,39.04231825941174,28.45250522407339
2002-02-27,-3.653055099924254,-18.916484867107993,38.50710462693659,29.8556127058184
2002-02-28,-3.632355741356304,-19.320862208010823,38.22416943099075,29.79827553507637
2002-03-01,-2.890109394920677,-20.02250303996143,37.965835131989294,28.380538529647033
2002-03-02,-1.6470087052432545,-21.611927854267513,37.36843863736494,29.23014489631005
2002-03-03,-1.0484265555625998,-21.201767256419522,37.43487898927661,28.298292500230424
2002-03-04,-1.1916713252428939,-21.028962009568765,37.05116039491488,27.205580581712475
2002-03-05,-1.4318774156566523,-22.876863269571167,36.47150937019757,27.632808569353443
2002-03-06,-2.6211968135829125,-22.771300879109113,36.23069574765301,28.243453333607892
2002-03-07,-3.9824530684685024,-24.41734002632591,36.48559041299091,27.29569708493462
2002-03-08,-4.908050283554032,-25.367185127781376,37.493669790419055,27.1290341271069
2002-03-09,-3.4584996507118575,-24.726237901899154,38.22995420428296,25.99459332471405
2002-03-10,-4.439137881495936,-25.981111841760857,38.38973367692977,26.102269763074094
2002-03-11,-4.028705612834534,-26.238991315662886,37.87325178906676,25.842046912612552
2002-03-12,-2.772331852341627,-25.833388425784953,38.12171061321851,24.849860005980553
2002-03-13,-3.8933925851379985,-26.127950518756304,39.747704596851605,23.859378574623367
2002-03-14,-5.157821616561696,-25.070188238929827,40.162113390175165,24.79104636140182
2002-03-15,-5.800577049786269,-25.087509580707167,39.85567772515792,24.57926124608588
2002-03-16,-5.56399539692403,-24.48744621759256,41.211704139432555,23.99813091942204
2002-03-17,-4.537689088383599,-24.784724799947377,40.62481300091027,23.35376590406858
2002-03-18,-4.929174409780565,-25.558031452554975,40.095759101280684,23.14146902272622
2002-03-19,-4.613218532394367,-26.063701928094947,40.3466096261642,23.232097812350755
2002-03-20,-4.780869718267238,-23.773235555631814,39.26016407975961,21.401280070539467
2002-03-21,-5.224756615344896,-22.508127477527406,37.37461245754351,21.579400090610957
2002-03-22,-4.922504849413267,-21.847170897521558,37.09928385806275,22.98233201438203
2002-03-23,-4.671159902414046,-21.55429658538373,38.27453623738355,22.134864389931987
2002-03-24,-2.595460513972006,-22.871963277553085,36.95037876536858,20.85724712595932
2002-03-25,-1.4598568558377458,-24.173965574451902,36.88718997226831,23.623131239566366
2002-03-26,-0.3410207009269708,-21.722194406700247,37.285929144629115,22.860088662899095
2002-03-27,-2.5319300341909665,-21.01425552062339,38.37646553058437,24.73565060153784
2002-03-28,-2.4251893819115753,-20.29223306936828,36.66265695956416,24.490450338789916
2002-03-29,-2.120534759592244,-19.159456220693457,35.477484925099354,23.797544960270603
2002-03-30,-1.9425842516122953,-19.751874087977477,37.30083387008684,24.611787252551927
2002-03-31,-2.1676170868982196,-18.78540629640651,37.93248245368574,22.817568888967408
2002-04-01,-0.8580673383123989,-18.63818533494742,38.473724299401255,25.629890019650823
2002-04-02,-0.2759709836192279,-18.416941270539162,38.493851584146924,26.74308035406904
2002-04-03,-1.2507581443906532,-18.284871335909703,38.0867261123105,27.285919416286244
2002-04-04,0.7700155695451711,-17.98811715760515,38.05039722233196,28.145340769674174
2002-04-05,0.741617207781844,-17.73865555580284,38.50215126085206,28.331924204795826
2002-04-06,0.40349165298881645,-18.287721260396534,39.34638942361907,27.278103534383447
2002-04-07,-1.413566776240978,-17.735932115025847,39.208912032538684,28.079566382259856
2002-04-08,-2.8074370843944543,-17.549406515006684,40.586547775271995,28.762852346028478
2002-04-09,-1.1184295201952021,-18.458810996606893,40.83346203099607,28.695469514262598
2002-04-10,0.6387011417601225,-17.518760116252945,39.59734289503795,28.707556137841667
2002-04-11,1.7258928779428864,-18.07891518785476,39.785471836966025,26.55409698935547
2002-04-12,4.572076392437564,-19.259904245810546,41.5055942198592,25.564284858669083
2002-04-13,5.883725669033735,-19.3752775943548,39.16972665702551,25.496089346769818
2002-04-14,7.2758424504160315,-18.31342343209762,36.581340723721354,25.08348784992741
2002-04-15,8.595219163096932,-18.289357265208658,37.31688734543676,22.797412828964607
2002-04-16,7.877435747671623,-16.56824041818232,37.24545111825258,23.791036971472828
2002-04-17,7.787941964885927,-16.973161878444763,37.04896801734791,22.721575327868255
2002-04-18,7.7208629136167835,-17.928004784094554,36.60833763113107,22.6933685429606
2002-04-19,6.038188768516316,-19.497554979135014,38.18414282259833,21.433262704511993
2002-04-20,5.545954845036109,-18.28785187117402,38.259651149550386,20.02000911841154
2002-04-21,4.908990359735235,-19.0937482942575,40.392236164563506,20.41849670070579
2002-04-22,4.073733821523399,-19.087482480371094,40.93663942043733,22.000524850498664
2002-04-23,3.9926798718085386,-18.783366998588768,41.64864310421857,22.19568728175489
2002-04-24,2.665733409545414,-18.122641221579816,43.10039958531341,22.536725536977166
2002-04-25,1.1132960218985404,-20.837884341729282,39.502074894306425,22.31504679847629
2002-04-26,2.000634343094792,-21.111909492229476,38.58622573581348,21.779527757157513
2002-04-27,1.2794108172373009,-20.16785510181515,38.767993650742234,21.268451259205793
2002-04-28,0.982525885206988,-21.13960480512577,37.911452101140924,20.973750696024293
2002-04-29,0.07786032171026724,-23.149961626572924,36.980997177853034,19.955395742256965
2002-04-30,0.02312521612834953,-23.047175501404755,36.45539648804482,19.368526755661545
2002-05-01,-0.345576611430254,-23.666018841505686,35.839292536933556,20.630536976353053
2002-05-02,-2.1058083738569815,-23.794753881148452,35.08263350066019,22.272067549877036
2002-05-03,-2.3439327020650866,-25.87295335869377,35.74179046514195,21.090268247984827
2002-05-04,-2.283506113998527,-26.13378789051839,36.698094058809005,19.783994549677363
2002-05-05,-3.0632310697378844,-24.93457372076462,37.54748800991051,19.602471958816974
2002-05-06,-3.1753111010208723,-25.04469723308045,36.798944837640896,19.665825948992392
2002-05-07,-4.218632407786048,-26.195684001018133,36.97753636981198,20.360500591796292
2002-05-08,-3.271667385883927,-25.36069351950802,37.20052302019683,21.831413176254745
2002-05-09,-4.224758395430669,-24.939493331912626,37.61133914850489,20.272246426769488
2002-05-10,-4.895685555032519,-25.005068603718936,37.97877855403835,19.788725692331646
2002-05-11,-5.570542682564134,-25.670833486032564,37.60481517852927,19.875659474539123
2002-05-12,-6.7010740780695155,-24.924157796156482,38.719634958703516,20.414530573601965
2002-05-13,-5.5142287855853445,-23.963644869899113,38.31066153453946,19.912105965237085
2002-05-14,-6.391295778422842,-23.718533362156446,38.40049213086828,20.138167802645235
2002-05-15,-7.1200455169453125,-23.252448024571013,38.144371666865574,19.893530311070087
2002-05-16,-5.2055292782589735,-22.321491881123528,37.74680039983521,17.435807297377423
2002-05-17,-5.190945512775724,-22.16670929672194,38.43443157202143,17.797082168779323
2002-05-18,-3.5122282126840068,-23.12380844361587,38.54728517165449,17.67928311594085
2002-05-19,-3.108575534176281,-22.86025066921529,40.35117573048121,16.506928691493318
2002-05-20,-2.7659615488444675,-22.38384076751912,41.220888002400585,18.28195608568402
2002-05-21,-3.4682215205448,-23.506738862572906,40.47314321338365,17.61223398274538
2002-05-22,-4.755488494861669,-24.355655684350253,40.94333865926827,18.43692734248255
2002-05-23,-4.893281052859292,-26.21890514204924,40.88465967697365,19.153293380320623
2002-05-24,-7.78416655236968,-25.977322283994077,40.23529238193338,17.133402603028316
2002-05-25,-8.221424560305916,-27.360961556536232,41.04064232566255,18.303604661044098
2002-05-26,-6.8506438694685805,-27.067233404869086,38.97885474035713,17.952240945812967
2002-05-27,-7.583867403237355,-27.672815008497803,38.08613156064986,18.062392060024443
2002-05-28,-8.132669172222808,-27.777138670550254,39.45502182030303,17.085148433306784
2002-05-29,-8.066579849859531,-27.416839921632512,40.391245535855035,18.259761411324643
2002-05-30,-7.892890215242532,-27.875346288297912,40.212805299755544,19.00256486978911
2002-05-31,-10.345704426738227,-28.60726838097845,42.34370181786864,18.070387439870007
2002-06-01,-9.92621004904974,-30.45231581097051,41.999109973666116,17.70178715732173
2002-06-02,-11.056684303621854,-31.121130748263653,42.89527580755901,15.336072108643483
2002-06-03,-10.314105610740988,-31.573761369361755,43.342443671377424,15.77944675991682
2002-06-04,-10.476708587944263,-32.46518284870848,41.29405373039318,15.253385445852683
2002-06-05,-9.5480425918982,-32.41235075173542,41.41240509128737,16.217661050636814
2002-06-06,-10.07131066654191,-32.283193394375935,40.12749880207679,15.48923419563873
2002-06-07,-9.77753557324729,-32.66065649993101,40.825938482071386,15.155637126256194
2002-06-08,-9.161673511079425,-32.481214433162926,40.956044905521026,17.285911918769962
2002-06-09,-9.638937729319615,-31.37633988745812,39.13853345226512,17.792487105367456
2002-06-10,-9.490054460252573,-30.920021840145235,39.78924310763987,19.933665925563822
2002-06-11,-10.582438052604612,-30.30760810769957,40.96886809301629,19.25617104624224
2002-06-12,-10.092225362851973,-30.931950052140227,40.52662907164799,20.062684940797478
2002-06-13,-10.018537850381035,-30.611104029091763,40.37785219900852,20.497919212470133
2002-06-14,-9.860745379544488,-31.43839713710601,41.02598181834185,22.461305349403094
2002-06-15,-8.325946035521767,-31.859209641439282,39.87822357316562,23.983198058399392
2002-06-16,-8.140228161487194,-32.2312657909543,40.403804985259995,25.232143472816155
2002-06-17,-8.762094140457735,-31.44469657607047,39.24526369954962,24.8086704139333
2002-06-18,-8.777719892594813,-31.238422524270785,38.91715811601184,25.405621395766417
2002-06-19,-9.58469340660144,-29.392484047375817,39.44296533787368,24.053390262347705
2002-06-20,-9.137035697239074,-29.96481256737663,40.671258376352434,23.771545632410223
2002-06-21,-8.895642622356016,-27.598522679959654,40.14523872433322,25.02929910657079
2002-06-22,-8.798940458870597,-28.9042776619322,40.88125899756501,26.34195046266461
2002-06-23,-8.613098791932037,-28.996338590210293,41.955693024420135,27.40250535747534
2002-06-24,-8.90485554168495,-29.88027745293048,42.9785405146934,28.091908512639353
2002-06-25,-8.447962997752152,-29.15743753472262,46.59781154100372,27.830328039028906
2002-06-26,-9.219340774275995,-27.660791679873658,47.627509193714886,29.44974884001534
2002-06-27,-9.040950568981884,-27.463385577302642,47.81873162583415,28.22621895944454
2002-06-28,-9.96230700498014,-25.76822879416666,49.16697449851419,28.58102115627481
2002-06-29,-9.579542550065451,-27.770115479815253,47.908886921895444,29.573512939107225
2002-06-30,-8.563585115662313,-29.222592168181393,49.44650780252153,29.854646142032575
2002-07-01,-8.100649330440028,-30.023772747376402,51.16006206726251,31.72234971026854
2002-07-02,-6.53069417635062,-31.163878561922985,52.63466109602426,31.78726771022958
2002-07-03,-8.210375024315685,-32.2995870741171,54.76257033468232,31.51565877931493
2002-07-04,-8.349357853456254,-31.56452996369087,55.838226348024925,30.97910724433175
2002-07-05,-9.30888985034505,-31.244322800781525,57.07289865312118,31.468714668705587
2002-07-06,-9.122514821925517,-32.39367606868295,55.52407023848567,31.45175157079935
2002-07-07,-9.021678981613784,-32.08356382724475,55.42539923093395,31.68599366960825
2002-07-08,-10.563580820931767,-31.48110245380419,56.00730632501955,32.90962431758175
2002-07-09,-10.38884334406931,-29.620104244651454,56.60790330407829,32.608168701411316
2002-07-10,-11.182495545972328,-30.606155678140155,56.20971021372236,30.946660209832103
2002-07-11,-10.54989081394633,-29.968053287239716,53.705896240101474,30.45013492553553
2002-07-12,-9.01345520108377,-30.48131370686135,54.635438556504106,29.839086042425482
2002-07-13,-8.13195188816477,-30.80611557986285,53.79052445316256,28.623463142124695
2002-07-14,-7.383259294277255,-30.524522095954527,55.35771910009999,29.491629393743594
2002-07-15,-8.16615842443391,-31.468856679825752,54.25178542544857,30.065087913561626
2002-07-16,-9.248226262907188,-30.218878489953553,53.969729069024396,31.16014321845759
2002-07-17,-10.293219724422928,-30.04013462609545,53.80594110796864,31.031128855893964
2002-07-18,-10.666525926068312,-31.37353602857571,54.93344298418284,32.713153143896015
2002-07-19,-12.454359265297418,-31.92901010630447,55.36930752914829,32.69593683012524
2002-07-20,-11.329760658452377,-30.558941114190656,56.02606977434744,34.737471589849655
2002-07-21,-12.886470805010047,-31.009678832807378,57.16629371259333,34.789080527571834
2002-07-22,-13.521750518875214,-32.4030644012316,55.84242800890193,34.2591461332982
2002-07-23,-15.400129459287264,-33.11821585737416,54.383629545862355,35.04176374650908
2002-07-24,-14.137514159759741,-31.467177072842897,55.54563052481682,33.75018305505526
2002-07-25,-15.519465546308156,-32.84296616303055,55.75742634047884,34.353473272781095
2002-07-26,-15.032859513210193,-33.51371660678499,55.95024033388706,36.1505866622529
2002-07-27,-16.197998546292858,-34.42927366866231,56.206740114653115,36.68869948168288
2002-07-28,-15.49912749244894,-33.15828946891217,55.26083468369749,38.400689659020536
2002-07-29,-15.385749363360649,-32.603127517055434,54.73792899497339,37.45527226269609
2002-07-30,-16.39318353391213,-32.17979086188589,55.270586298278005,36.549506722934794
2002-07-31,-18.221140776879864,-33.204429625387846,53.95157901617347,37.524955865740786
2002-08-01,-17.107031729388446,-33.56077314419094,53.59083774163632,36.38372233496767
2002-08-02,-16.797172838398197,-33.28264160741957,52.78182753435886,35.2053594561458
2002-08-03,-19.20440674116315,-33.62867435818237,52.99197726885462,35.78778260429543
2002-08-04,-19.74747605741794,-33.35519644420391,54.43123880661412,36.58270782985174
2002-08-05,-18.561920171556213,-33.3660326679076,54.63656013029672,36.033994383838866
2002-08-06,-18.458030049426092,-32.378322616319245,55.321828048264244,36.268231398767185
2002-08-07,-18.655083372326864,-32.13023373471641,54.59224596049528,37.565677397313124
2002-08-08,-17.59406940344625,-31.357783365571883,54.01038211173422,37.51220582087167
2002-08-09,-17.387048059555486,-29.95186078467811,53.887342116576974,37.48410179134529
2002-08-10,-18.32265677038952,-30.592310914330813,53.313225657593435,36.853841814542236
2002-08-11,-18.27043785715441,-30.71761301788267,53.53021512976772,37.69816767302843
2002-08-12,-18.11796489318662,-31.941931265200036,53.53234540849232,37.62624486683793
2002-08-13,-20.508839464826384,-30.75046619985564,52.59397062750618,36.46721599443292
2002-08-14,-18.349324600910155,-31.58658739695438,52.225784373922465,38.104556542702234
2002-08-15,-19.142607847797272,-31.757128170145602,51.42084967169581,38.870136665204356
2002-08-16,-19.81602325776412,-32.285747473995066,51.63667532833399,37.091254408974244
2002-08-17,-18.55312352686998,-32.922520743173976,51.6597767602051,36.347414156766426
2002-08-18,-17.66459370868094,-31.8919896701612,50.53957107433677,35.883117389802855
2002-08-19,-17.838995784657627,-32.985927454128706,49.71579932598896,36.51663782409804
2002-08-20,-18.847510842186576,-34.74405841435983,51.87524309579512,37.382739758812065
2002-08-21,-17.98365540094688,-33.778584418677084,52.38409129160899,38.42679808530955
2002-08-22,-17.45129559854989,-33.28137668616284,52.780039265700495,41.35021416070161
2002-08-23,-18.359915818582373,-32.67045592333669,54.6109040615827,40.80076849132302
2002-08-24,-18.111731273788408,-32.23415784022443,55.03789279062954,40.74851809138893
2002-08-25,-18.405339592291597,-34.58095196597863,55.65127121542787,41.020210133445
2002-08-26,-17.032808359547843,-33.324011655260456,54.24888100398084,40.92248880265191
2002-08-27,-15.45247578056923,-33.058705657000644,54.44172295843758,41.43758070519929
2002-08-28,-15.362305860234027,-32.93432508019784,52.580308071370276,42.46528444012995
2002-08-29,-15.703045918855496,-34.0143293414082,54.450585994983946,44.487471939109014
2002-08-30,-15.531320396810843,-33.40584584452126,54.2685911668777,42.83195129364029
2002-08-31,-15.66658058145314,-35.07688809495358,54.53333613496873,42.007468945142925
2002-09-01,-15.72039621533476,-37.05315964966926,54.43721457990709,40.53218542071258
2002-09-02,-14.872188167357407,-35.602561898961305,54.15663052503417,40.09602783254204
2002-09-03,-17.09144586457188,-36.437214977728566,53.4361263602642,42.42742309384822
2002-09-04,-16.90996162440364,-35.26404585772897,54.17311135299472,42.97676171941677
2002-09-05,-19.014545275688707,-36.67856158603303,51.72855365436472,42.665446281238594
2002-09-06,-19.461087210251733,-37.64452630775985,50.362596552801286,41.965321835471926
2002-09-07,-18.191304600278567,-37.33918731434743,49.90130073426593,42.56462684672566
2002-09-08,-19.53794754333665,-38.71749372359484,49.02960987487075,42.39262407253081
2002-09-09,-18.520112347127142,-39.71348959890898,48.91035900878747,42.26058416120144
2002-09-10,-18.8302131284623,-38.58593436058205,47.937888552324836,42.809060128545354
2002-09-11,-19.890610989735656,-37.637087877221084,48.169689103325936,42.31123144685691
2002-09-12,-20.908852685298804,-37.609559042517,47.17050322110499,41.801882869683475
2002-09-13,-21.491739701600665,-37.61841276440228,45.43295119418021,41.170155222018565
2002-09-14,-19.63491572292604,-38.71707061091695,46.12486914441204,40.2364250942862
2002-09-15,-20.13974361074935,-37.937234784030416,46.40284539186648,40.60412587832312
2002-09-16,-19.854196782150957,-38.94985036785133,44.51438063692178,39.2430660731869
2002-09-17,-20.025124996128287,-39.63645391260513,44.41935218134702,38.08274093031121
2002-09-18,-21.540397185150216,-40.23322779261958,44.20047874888754,37.87299999327108
2002-09-19,-21.533332489152677,-38.90653751329006,44.1157977328195,37.643482670938596
2002-09-20,-21.660942846755916,-37.00574939459886,43.88170430554492,37.87364331202212
2002-09-21,-21.929424259147932,-36.59362599545251,43.02184843022398,37.49296925867999
2002-09-22,-22.172143251102355,-36.47180184887646,43.089409266758395,36.10052248859916
2002-09-23,-22.518275797582465,-35.27134581846187,42.14332684887521,37.852562758561234
2002-09-24,-21.489239564982608,-35.34511641998603,40.72520475145949,37.645572319038926
2002-09-25,-23.2362739416914,-34.84277439570175,38.23740511472397,38.16629662574148
2002-09-26,-24.10420537745779,-36.249845772690136,38.50944351005473,36.64057099625267
